id,title,body,author,slug,image,alt,tags,category
2538,Why does Intellichoice do so much research for their Owner Builder Home Loans?,intellichoice-much-research-owner-builder-home-loans.html,Darin Hindmarsh,intellichoice-much-research-owner-builder-home-loans,Owner-Builder-Home-Loans-Intellichoice.jpg,Owner Builder Home Loans - Intellichoice,,13
2536,Why do People Owner Builder,people-owner-builder.html,Darin Hindmarsh,people-owner-builder,Why-do-People-Owner-Builder-intellichoice.jpg,Why do People Owner Builder - intellichoice,,13
2530,Thank you for making my dreams come true,thank-making-dreams-come-true.html,Darin Hindmarsh,thank-making-dreams-come-true,dreams-come-true-intellichoice.jpg,dreams come true - intellichoice,,"10,13"
2507,What's it really like to be an Owner Builder?,whats-really-like-owner-builder.html,Darin Hindmarsh,whats-really-like-owner-builder,to-be-an-Owner-Builder-intellichoice.jpg,to be an Owner Builder - intellichoice,,13
2505,The real story about Owner Builder Finance,real-story-owner-builder-finance.html,Darin Hindmarsh,real-story-owner-builder-finance,Owner-Builder-Finance-intellichoice.jpg,Owner Builder Finance - intellichoice,,13
2489,What are the Pros and Cons of Inventory Finance,pros-cons-inventory-finance.html,Darin Hindmarsh,pros-cons-inventory-finance,Pros-and-Cons-of-Inventory-Finance-intellichoice.jpg,Pros and Cons of Inventory Finance - intellichoice,,9
2487,Inventory Finance The Basics,inventory-finance-basics.html,Darin Hindmarsh,inventory-finance-basics,Inventory-Finance-The-Basics-intellichoice.jpg,Inventory Finance The Basics - intellichoice,,9
2436,Find the Right Trade Finance,find-right-trade-finance.html,Darin Hindmarsh,find-right-trade-finance,Find-the-right-Trade-Finance-intellichoice.jpg,Find the right Trade Finance - intellichoice,,16
2431,Find the Right Invoice Finance,find-right-invoice-finance.html,Darin Hindmarsh,find-right-invoice-finance,Find-the-Right-Invoice-Finance-intellichoice.jpg,Find the Right Invoice Finance - intellichoice,,11
2123,Find an Owner Builder Home Loans,find-owner-builder-home-loans.html,Darin Hindmarsh,find-owner-builder-home-loans,Find-an-Owner-Builder-Home-Loans-intellichoice.jpg,Find an Owner Builder Home Loans - intellichoice,"25,30",13
2110,Can I Buy a Car with Defaults on My Credit File?,can-buy-car-defaults-credit-file.html,Darin Hindmarsh,can-buy-car-defaults-credit-file,Can-I-buy-a-car-with-defaults-on-my-credit-file-intellichoice.jpg,Can I buy a car with defaults on my credit file - intellichoice,"18,20","3,8"
2104,How SMSF can work in the current climate,smsf-can-work-current-climate.html,Darin Hindmarsh,smsf-can-work-current-climate,How-SMSF-can-work-in-the-current-climate-intellichoice.jpg,How SMSF can work in the current climate - intellichoice,23,15
2102,Lending for Self Managed Super Funds,lending-self-managed-super-funds.html,Darin Hindmarsh,lending-self-managed-super-funds,Lending-for-Self-Managed-Super-Funds-intellichoice.jpg,Lending for Self Managed Super Funds - intellichoice,28,15
2088,Thinking about becoming an owner builder?,thinking-becoming-owner-builder.html,Darin Hindmarsh,thinking-becoming-owner-builder,Thinking-about-becoming-an-owner-builder-intellichoice.jpg,Thinking about becoming an owner builder - intellichoice,30,13
2085,The affordable option,owner-builder-affordable-option.html,Darin Hindmarsh,owner-builder-affordable-option,The-affordable-option-intellichoice.jpg,The affordable option - intellichoice,30,13
2082,Requirements for an Owner Builder Loan,requirements-owner-builder-loan.html,Darin Hindmarsh,requirements-owner-builder-loan,Requirements-for-an-Owner-Builder-Loan-intellichoice.jpg,Requirements for an Owner Builder Loan - intellichoice,"25,30",13
2079,Owner Builder Renovations,owner-builder-renovations.html,Darin Hindmarsh,owner-builder-renovations,Owner-Builder-Renovations-intellichoice.jpg,Owner Builder Renovations - intellichoice,30,13
2076,The Tale of an Unprepared Owner Builder,tale-unprepared-owner-builder.html,Darin Hindmarsh,tale-unprepared-owner-builder,The-Tale-of-an-Unprepared-Owner-Builder-intellichoice.jpg,The Tale of an Unprepared Owner Builder - intellichoice,30,13
2073,Not everyone love Owner Builder Loans like we do,not-everyone-love-owner-builder-loans-like.html,Darin Hindmarsh,not-everyone-love-owner-builder-loans-like,Owner-Builder-Loans-like-we-do-intellichoice.jpg,Owner Builder Loans like we do - intellichoice,30,13
3514,Invest in Australian Property,invest-australian-property.html,Darin Hindmarsh,invest-australian-property,Invest-in-Australian-Property-Intellichoice.jpg,Invest in Australian Property - Intellichoice,22,6
3512,Unjust Bad Credit File | Bad Credit Home Loans,bad-credit-home-loans-unjust-bad-credit-file.html,Darin Hindmarsh,bad-credit-home-loans-unjust-bad-credit-file,Unjust-Bad-Credit-File-Intellichoice.jpg,Unjust Bad Credit File - Intellichoice,18,4
3511,Do I need Good Credit to get a Home Loan,need-good-credit-get-home-loan.html,Darin Hindmarsh,need-good-credit-get-home-loan,Do-I-need-Good-Credit-to-get-a-Home-Loan-Intellichoice.jpg,Do I need Good Credit to get a Home Loan - Intellichoice,25,4
3510,Tips for Maintaining your Credit File,tips-maintaining-credit-file.html,Darin Hindmarsh,tips-maintaining-credit-file,Tips-for-Maintaining-your-Credit-File-Intellichoice.jpg,Tips for Maintaining your Credit File - Intellichoice,18,4
3509,What Can I do about unpaid defaults on my credit file,can-unpaid-defaults-credit-file.html,Darin Hindmarsh,can-unpaid-defaults-credit-file,What-Can-I-do-about-unpaid-defaults-on-my-credit-file-Intellichoice.jpg,What Can I do about unpaid defaults on my credit file - Intellichoice,18,4
2538,Why does Intellichoice do so much research for their Owner Builder Home Loans?,intellichoice-much-research-owner-builder-home-loans.html,Darin Hindmarsh,intellichoice-much-research-owner-builder-home-loans,Owner-Builder-Home-Loan.jpg,Owner Builder Home Loan Media,,13
4636,Things You Will Need to Think About When Applying for a Personal Loan,things-you-will-need-to-think-about-when-applying-for-a-personal-loan.html,Darin Hindmarsh,things-you-will-need-to-think-about-when-applying-for-a-personal-loan,things-you-will-need-to-think-about-when-applying-for-a-personal-loan.jpg,things-you-will-need-to-think-about-when-applying-for-a-personal-loan,,"14,67"
2056,Can I still get a loan with bad credit?,can-still-get-loan-bad-credit.html,Darin Hindmarsh,can-still-get-loan-bad-credit,badcredit.jpg,bad credit,18,4
3513,How a Minor Default can turn off Lenders,minor-default-can-turn-off-lenders.html,Darin Hindmarsh,minor-default-can-turn-off-lenders,lenders.jpg,lenders,27,4
3512,Unjust Bad Credit File | Bad Credit Home Loans,bad-credit-home-loans-unjust-bad-credit-file.html,Darin Hindmarsh,bad-credit-home-loans-unjust-bad-credit-file,logo_intellichoice.png,logo intellichoice,18,4
4873,What is Asset Finance?,what-is-asset-finance.html,Darin Hindmarsh,what-is-asset-finance,What-is-Asset-Finance.jpg,What is Asset Finance?,,2
4883,What is a Car Loan?,what-is-a-car-loan.html,Darin Hindmarsh,what-is-a-car-loan,What-is-a-car-loan.jpg,What is a car loan?,,3
4891,Purchasing Your Own Home is an Important Life Milestone for Many People,purchasing-your-own-home-is-an-important-life-milestone-for-many-people.html,Darin Hindmarsh,purchasing-your-own-home-is-an-important-life-milestone-for-many-people,Purchasing-Your-Own-Home.jpg,Purchasing Your Own Home,,4
4897,Why use Broker Specialist?,why-use-broker-specialist.html,Darin Hindmarsh,why-use-broker-specialist,broker-specialist.jpg,broker specialist,,68
4902,What are the loan types available with asset finance?,what-are-the-loan-types-available-with-asset-finance.html,Darin Hindmarsh,what-are-the-loan-types-available-with-asset-finance,loan-types-available-with-asset-finance.jpg,loan types available with asset finance,,2
4906,Types of Equipment Finance Options,types-of-equipment-finance-options.html,Darin Hindmarsh,types-of-equipment-finance-options,equipment-finance.jpg,equipment finance,,5
4919,What is Inventory Finance,what-is-inventory-finance.html,Darin Hindmarsh,what-is-inventory-finance,what-is-inventory-finance.jpg,what is inventory finance,,9
4943,For Borrowers With Credit Histories that May Have Black Mark Associated with Them,for-borrowers-with-credit-histories-that-may-have-black-mark-associated-with-them.html,Darin Hindmarsh,for-borrowers-with-credit-histories-that-may-have-black-mark-associated-with-them,For-Borrowers-With-Credit-Histories.jpg,For Borrowers With Credit Histories,,5
4966,Equipment Financing Means Flexible Solutions for Unique Business Needs,equipment-financing-means-flexible-solutions-for-unique-business-needs.html,Darin Hindmarsh,equipment-financing-means-flexible-solutions-for-unique-business-needs,equipment-financing.jpg,equipment financing,,5
4985,Becoming an Owner-Builder,becoming-an-owner-builder.html,Darin Hindmarsh,becoming-an-owner-builder,Becoming-an-Owner-Builder.jpg,Becoming an Owner-Builder,,13
4989,What are the Pros and Cons of Car loans?,what-are-the-pros-and-cons-of-car-loans.html,Darin Hindmarsh,what-are-the-pros-and-cons-of-car-loans,What-are-the-Pros-and-Cons-of-Car-loans.jpg,What are the Pros and Cons of Car loans,,3
4993,It’s Still Possible to Get a Home Loan to Buy Property in Australia,its-still-possible-to-get-a-home-loan-to-buy-property-in-australia.html,Darin Hindmarsh,its-still-possible-to-get-a-home-loan-to-buy-property-in-australia,Its-Still-Possible-to-Get-a-Home-Loan-to-Buy-Property-in-Australia.jpg,Its Still Possible to Get a Home Loan to Buy Property in Australia,,6
5313,Building Construction Buildings,building-construction-buildings.html,Darin Hindmarsh,building-construction-buildings,Building-Construction-Buildings.jpg,Building Construction Buildings,,13
5318,Which owner builder construction loan is right for me?,which-owner-builder-construction-loan-is-right-for-me.html,Darin Hindmarsh,which-owner-builder-construction-loan-is-right-for-me,Which-owner-builder-construction-loan-is-right-for-me.jpg,Which owner builder construction loan is right for me,,13
5324,Why do you need to know about owner builder construction loans?,why-do-you-need-to-know-about-owner-builder-construction-loans.html,Darin Hindmarsh,why-do-you-need-to-know-about-owner-builder-construction-loans,owner-builder-construction-loans.jpg,owner builder construction loans,,"13,99"
5328,How Construction Home Loans Work,how-construction-home-loans-work.html,Darin Hindmarsh,how-construction-home-loans-work,construction-loans.jpg,construction loans,,99
5333,Why Your Project Needs to be Financed with a Construction Home Loan,why-your-project-needs-to-be-financed-with-a-construction-home-loan.html,Darin Hindmarsh,why-your-project-needs-to-be-financed-with-a-construction-home-loan,Financed-with-a-Construction-Home-Loan.jpg,Financed with a Construction Home Loan,,99
5337,Are building loans the right choice for you?,are-building-loans-the-right-choice-for-you.html,Darin Hindmarsh,are-building-loans-the-right-choice-for-you,building-loans.jpg,building loans,,99
5346,What are Staged Payments of Building Loans?,what-are-staged-payments-of-building-loans.html,Darin Hindmarsh,what-are-staged-payments-of-building-loans,What-are-Staged-Payments-of-Building-Loans.jpg,What are Staged Payments of Building Loans,,13
5350,Don’t Become an Owner Builder Without the Right Finance,dont-become-an-owner-builder-without-the-right-finance.html,Darin Hindmarsh,dont-become-an-owner-builder-without-the-right-finance,Dont-Become-an-Owner-Builder-Without-the-Right-Finance.jpg,Dont Become an Owner Builder Without the Right Finance,,13
5356,Is it Hard to Get Finance as an Owner Builder?,is-it-hard-to-get-finance-as-an-owner-builder.html,Darin Hindmarsh,is-it-hard-to-get-finance-as-an-owner-builder,Is-it-Hard-to-Get-Finance-as-an-Owner-Builder.jpg,Is it Hard to Get Finance as an Owner Builder,,13
5360,Save a Fortune and Build your Own Home as an Owner Builder,save-a-fortune-and-build-your-own-home-as-an-owner-builder.html,Darin Hindmarsh,save-a-fortune-and-build-your-own-home-as-an-owner-builder,Own-Home-as-an-Owner-Builder.jpg,Own Home as an Owner Builder,,13
5364,Can I Use My Normal Home Loan to Be an Owner Builder?,can-i-use-my-normal-home-loan-to-be-an-owner-builder.html,Darin Hindmarsh,can-i-use-my-normal-home-loan-to-be-an-owner-builder,Be-an-Owner-Builder.jpg,Be an Owner Builder,,13
5367,What Do I Need to Know About Insurance for Owner Builders,what-do-i-need-to-know-about-insurance-for-owner-builders.html,Darin Hindmarsh,what-do-i-need-to-know-about-insurance-for-owner-builders,Insurance-for-Owner-Builders.jpg,Insurance for Owner Builders,,13
5370,Why Do Banks Value Owner Builder Projects Differently?,why-do-banks-value-owner-builder-projects-differently.html,Darin Hindmarsh,why-do-banks-value-owner-builder-projects-differently,Owner-Builder-Projects.jpg,Owner Builder Projects,,13
5374,How Does the Process Work at Intellichoice?,how-does-the-process-work-at-intellichoice.html,Darin Hindmarsh,how-does-the-process-work-at-intellichoice,How-Does-the-Process-Work-at-Intellichoice.jpg,How Does the Process Work at Intellichoice,,"13,99"
5377,Top Tips for Successfully Owner Building a Project,top-tips-for-successfully-owner-building-a-project.html,Darin Hindmarsh,top-tips-for-successfully-owner-building-a-project,Top-Tips-for-Successfully-Owner-Building-a-Project.jpg,Top Tips for Successfully Owner Building a Project,,13
5380,Why Should I Use Intellichoice?,why-should-i-use-intellichoice.html,Darin Hindmarsh,why-should-i-use-intellichoice,Why-Should-I-Use-Intellichoice.jpg,Why Should I Use Intellichoice,,13
5383,Not everyone is as passionate about Owner Builder Loans as Jo King of Intellichoice,not-everyone-is-as-passionate-about-owner-builder-loans-as-jo-king-of-intellichoice.html,Darin Hindmarsh,not-everyone-is-as-passionate-about-owner-builder-loans-as-jo-king-of-intellichoice,Owner-Builder-Loans-as-Jo-King-of-Intellichoice.jpg,Owner Builder Loans as Jo King of Intellichoice,,13
5388,Why are the cost savings so significant when you Owner Build?,why-are-the-cost-savings-so-significant-when-you-owner-build.html,Darin Hindmarsh,why-are-the-cost-savings-so-significant-when-you-owner-build,cost-savings-so-significant-when-you-Owner-Build.jpg,cost savings so significant when you Owner Build,,13
5393,What is the Situation with Owner Builders in Queensland?,what-is-the-situation-with-owner-builders-in-queensland.html,Darin Hindmarsh,what-is-the-situation-with-owner-builders-in-queensland,What-is-the-Situation-with-Owner-Builders-in-Queensland.jpg,What is the Situation with Owner Builders in Queensland,,13
5396,Why is it Difficult to Get Loans for an Owner Builder Project?,why-is-it-difficult-to-get-loans-for-an-owner-builder-project.html,Darin Hindmarsh,why-is-it-difficult-to-get-loans-for-an-owner-builder-project,Owner-Builder-Project.jpg,Owner Builder Project,,13
5515,Understanding How Intellichoice Approaches Short Term Finance For Their Clients,understanding-how-intellichoice-approaches-short-term-finance-for-their-clients.html,Darin Hindmarsh,understanding-how-intellichoice-approaches-short-term-finance-for-their-clients,Intellichoice-Short-Term-Finance.jpeg,Understanding How Intellichoice Approaches Short Term Finance For Their Clients,,"17,64,70"
5536,What Is A Bad Credit Car Loan?,what-is-a-bad-credit-car-loan.html,Darin Hindmarsh,what-is-a-bad-credit-car-loan,What-Is-A-Bad-Credit-Car-Loan-1.jpeg,What Is A Bad Credit Car Loan?,,"17,92"
5600,"Owner Builder Loans: How it Works, Benefits, Things to Consider",owner-builder-loans-how-it-works-benefits-things-to-consider.html,Darin Hindmarsh,owner-builder-loans-how-it-works-benefits-things-to-consider,owner-builder-loans.jpg,"Owner Builder Loans - How it Works, Benefits, Things to Consider",,13
5604,Owner Builder Finance Information,owner-builder-finance-information.html,Darin Hindmarsh,owner-builder-finance-information,Owner-Builder-Finance-Information.jpg,Owner Builder Finance Information,,13
5607,Reason Why You Should Get Life Insurance,reason-why-you-should-get-life-insurance.html,Darin Hindmarsh,reason-why-you-should-get-life-insurance,life-insurance.jpg,Reason why you should get life insurance,,8
5618,How Easy it is to Access a Home Loan in Australia,how-easy-it-is-to-access-a-home-loan-in-australia.html,Darin Hindmarsh,how-easy-it-is-to-access-a-home-loan-in-australia,home-loan-in-australia.jpg,home loan in australia,,"6,101"
5621,Hоw tо Get a Mоrtgаgе Withоut Dосumеntеd Inсоmе,h%d0%bew-t%d0%be-get-a-m%d0%bertg%d0%b0g%d0%b5-with%d0%beut-d%d0%be%d1%81um%d0%b5nt%d0%b5d-in%d1%81%d0%bem%d0%b5.html,Darin Hindmarsh,h%d0%bew-t%d0%be-get-a-m%d0%bertg%d0%b0g%d0%b5-with%d0%beut-d%d0%be%d1%81um%d0%b5nt%d0%b5d-in%d1%81%d0%bem%d0%b5,no-doc-loans.jpg,no doc loans,,98
5627,Best Inventory Loans for Your Business 2018,best-inventory-loans-for-your-business-2018.html,Darin Hindmarsh,best-inventory-loans-for-your-business-2018,inventory-finance.jpg,inventory finance,,9
5653,Why Trade Finance? an Empirical Business Solution,why-trade-finance-an-empirical-business-solution.html,Darin Hindmarsh,why-trade-finance-an-empirical-business-solution,Process_flow_of_DC.png,Process flow of DC,,16
5653,Why Trade Finance? an Empirical Business Solution,why-trade-finance-an-empirical-business-solution.html,Darin Hindmarsh,why-trade-finance-an-empirical-business-solution,why-trade-finance.jpg,why trade finance,,16
5659,I? It P????bl? To Get Car L??ns With B?d Credit?,i?-it-?????bl?-to-get-a-car-l??n-with-b?d-credit.html,Darin Hindmarsh,i%d1%95-it-%d1%80%d0%be%d1%95%d1%95%d1%96bl%d0%b5-to-get-a-car-l%d0%be%d0%b0n-with-b%d0%b0d-credit,I?-It-?????bl?-To-Get-A-Car-L??n-With-B?d-Credit.jpg,I? It P????bl? To Get Car L??ns With B?d Credit?,,3
5720,What is the Best Source for Equipment Financing for Startup?,what-is-the-best-source-for-equipment-financing-for-startup.html,Darin Hindmarsh,what-is-the-best-source-for-equipment-financing-for-startup,equipment-financing.jpg,equipment financing,,"2,5"
5729,Is It Better to Get Loan From the Bank or from the Broker?,is-it-better-to-get-loan-from-the-bank-or-from-the-broker.html,Darin Hindmarsh,is-it-better-to-get-loan-from-the-bank-or-from-the-broker,loan-on-bank-or-broker.jpg,Is It Better to Get Loan From the Bank or from the Broker?,,13
5820,Bad Credit Home Loans in Australia,bad-credit-home-loans-in-australia.html,Darin Hindmarsh,bad-credit-home-loans-in-australia,Bad-Credit-Home-Loans-in-Australia.jpg,Bad Credit Home Loans in Australia,,4
5862,Should You Consider Taking An Owner-Builder Construction Loans?,should-you-consider-taking-an-owner-builder-construction-loans.html,Darin Hindmarsh,should-you-consider-taking-an-owner-builder-construction-loans,Owner-Builder-Construction-Loans.jpg,Owner-Builder Construction Loans,,13
5866,Best Solution to Acquire Your Dream Home - Bad Credit Home Loans in Australia,best-solution-to-acquire-your-dream-home-bad-credit-home-loans-in-australia.html,Darin Hindmarsh,best-solution-to-acquire-your-dream-home-bad-credit-home-loans-in-australia,Best-Solution-to-Acquire-Your-Dream-Home.jpg,Best Solution to Acquire Your Dream Home,,4
6566,Defining a Good Owner Builder: Which Contractor is Perfect for Your Owner-Built,owner-built-home-good-builder.html,Darin Hindmarsh,owner-built-home-good-builder,Defining-a-Good-Owner-Builder-Owner-Built-Intellichoice-Finance.jpeg,Defining a Good Owner Builder Owner Built Intellichoice Finance,,"13,99"
6704,Determining Your Buying Power: Can You Afford A Car Loan?,determining-your-buying-power-can-you-afford-a-car-loan.html,Darin Hindmarsh,determining-your-buying-power-can-you-afford-a-car-loan,Borrowing-Power-Calculator.jpg,Borrowing Power Calculator,"1,311,131,213,131,310",3
6704,Determining Your Buying Power: Can You Afford A Car Loan?,determining-your-buying-power-can-you-afford-a-car-loan.html,Darin Hindmarsh,determining-your-buying-power-can-you-afford-a-car-loan,Calculator-Determining-Your-Buying-Power-Can-You-Afford-a-Car-Loan.jpeg,Calculator Determining Your Buying Power Can You Afford a Car Loan,"1,311,131,213,131,310",3
6895,Owner-Builder Financing Road: FAQs Answered,owner-builder-financing-road-faqs-answered.html,Darin Hindmarsh,owner-builder-financing-road-faqs-answered,OwnerBuilder-Financing-Road-FAQs-Answered-Intellichoice-Finance-Owner-Builder-Loans.jpg,OwnerBuilder Financing Road FAQs Answered Intellichoice Finance Owner Builder Loans,"301,315",13
6910,5 Tips For First Time Home Buyers with Bad Credit,5-tips-for-first-time-home-buyers-with-bad-credit.html,Darin Hindmarsh,5-tips-for-first-time-home-buyers-with-bad-credit,5-Tips-For-First-Time-Home-Buyers-with-Bad-Credit-Intellichoice-Finance.jpeg,5 Tips For First Time Home Buyers with Bad Credit Intellichoice Finance,"1,316,131,713,181,310",4
6919,Questions to Ask Before Getting an Expat Foreign Home Loans,questions-to-ask-before-getting-an-expat-foreign-home-loans.html,Darin Hindmarsh,questions-to-ask-before-getting-an-expat-foreign-home-loans,FAQs-for-Expat-Foreign-Home-Loans-Intellichoice-Finance.jpg,FAQs for Expat Foreign Home Loans Intellichoice Finance,"221,316,131,813,191,000",6
7108,Supply Chain Finance: How It Helps a Thriving Business,supply-chain-finance-how-it-helps-a-thriving-business.html,Darin Hindmarsh,supply-chain-finance-how-it-helps-a-thriving-business,Supply-Chain-Finance-How-It-Helps-a-Thriving-Business-Intellichoice-Finance.jpeg,Supply Chain Finance How It Helps a Thriving Business Intellichoice Finance,,63
7153,5 Things to Consider when Choosing the Right Home Insurance,5-things-to-consider-when-choosing-the-right-home-insurance.html,Darin Hindmarsh,5-things-to-consider-when-choosing-the-right-home-insurance,5-Things-to-Consider-when-Choosing-the-Right-Home-Insurance-intellichoice-Finance.jpg,5 Things to Consider when Choosing the Right Home Insurance intellichoice Finance,"132,113,221,323",8
7162,Top 11 Tips to Follow for Bad Credit Car Loans Guaranteed Approval,top-11-tips-to-follow-for-bad-credit-car-loans-guaranteed-approval.html,Darin Hindmarsh,top-11-tips-to-follow-for-bad-credit-car-loans-guaranteed-approval,Top-11-Tips-to-Follow-for-Bad-Credit-Car-Loans-Guaranteed-Approval-Intellichoice-Finance.jpeg,Top 11 Tips to Follow for Bad Credit Car Loans Guaranteed Approval Intellichoice Finance,"131,113,241,325",3
7167,Low Doc Construction Home Loans Step by Step Guide for Application,low-doc-construction-home-loans-step-by-step-guide-for-application.html,Darin Hindmarsh,low-doc-construction-home-loans-step-by-step-guide-for-application,Low-Doc-Construction-Home-Loans-Step-by-Step-Guide-for-Application-Intellichoice-Finance.jpg,Low Doc Construction Home Loans Step by Step Guide for Application Intellichoice Finance,"13,261,327",98
7167,Low Doc Construction Home Loans Step by Step Guide for Application,low-doc-construction-home-loans-step-by-step-guide-for-application.html,Darin Hindmarsh,low-doc-construction-home-loans-step-by-step-guide-for-application,Low-Doc-Construction-Home-Loans-Application-Guide-Intellichoice-Finance.jpeg,Low Doc Construction Home Loans Application Guide Intellichoice Finance,"13,261,327",98
7207,What is Commercial  Property Finance?,what-is-commercial-property-finance.html,Darin Hindmarsh,what-is-commercial-property-finance,What-is-Commercial-Property-Finance-Intellichoice-Finance.jpeg,What is Commercial Property Finance Intellichoice Finance,,63
7268,Buying a Property with Your Superannuation: Pros and Cons,buying-a-property-with-your-superannuation-pros-and-cons.html,Darin Hindmarsh,buying-a-property-with-your-superannuation-pros-and-cons,Buying-a-Property-with-Your-Superannuation-Pros-and-Cons-Intellichoice-Finance.jpeg,Buying a Property with Your Superannuation Pros and Cons Intellichoice Finance,,15
7272,How to Apply for a Bad Credit Equipment Finance,how-to-apply-for-a-bad-credit-equipment-finance.html,Darin Hindmarsh,how-to-apply-for-a-bad-credit-equipment-finance,How-to-Apply-for-a-Bad-Credit-Equipment-Finance-Intellichoice-Finance.jpeg,How to Apply for a Bad Credit Equipment Finance Intellichoice Finance,,5
7283,Top 15 Investment Advice from Real Estate Experts,top-15-investment-advice-from-real-estate-experts.html,Darin Hindmarsh,top-15-investment-advice-from-real-estate-experts,Top-15-Investment-Advice-from-Real-Estate-Experts-Intellichoice-Finance.jpg,Top 15 Investment Advice from Real Estate Experts Intellichoice Finance,,10
7289,Bad Credit Car Finance: Advantages of a Second Chance Car Loan,bad-credit-car-finance-advantages-of-a-second-chance-car-loan.html,Darin Hindmarsh,bad-credit-car-finance-advantages-of-a-second-chance-car-loan,Bad-Credit-Car-Finance-Advantages-of-a-Second-Chance-Car-Loan-Intellichoice-Finance.jpeg,Bad Credit Car Finance Advantages of a Second Chance Car Loan Intellichoice Finance,,3
7303,Loans for People With Bad Credit:  Bad Credit Mortgages and Financing,loans-for-people-with-bad-credit-bad-credit-mortgages-and-financing.html,Darin Hindmarsh,loans-for-people-with-bad-credit-bad-credit-mortgages-and-financing,Loans-for-People-With-Bad-Credit-Bad-Credit-Mortgages-and-Financing-Intellichoice-Finance.jpg,Loans for People With Bad Credit Bad Credit Mortgages and Financing Intellichoice Finance,,"3,4"
7328,Low Deposit Home Loans: Is This The Right Mortgage for You?,low-deposit-home-loans-is-this-the-right-mortgage-for-you.html,Darin Hindmarsh,low-deposit-home-loans-is-this-the-right-mortgage-for-you,Low-Deposit-Home-Loans-Is-This-The-Right-Mortgage-for-You-Intellichoice-Finance.jpeg,Low Deposit Home Loans Is This The Right Mortgage for You Intellichoice Finance,,1328
7349,Types of Business Loans: Which One is For You?,types-of-business-loans-which-one-is-for-you.html,Darin Hindmarsh,types-of-business-loans-which-one-is-for-you,Types-of-Business-Loans-Which-One-is-For-You-Intellichoice-Finance.jpeg,Types of Business Loans Which One is For You Intellichoice Finance,,63
7356,Personal Loans: Comparing for the Right Choice,personal-loans-comparing-for-the-right-choice.html,Darin Hindmarsh,personal-loans-comparing-for-the-right-choice,Personal-Loans-Comparing-for-the-Right-Choice-Intellichoice-Finance.jpg,Personal Loans Comparing for the Right Choice Intellichoice Finance,,67
7361,How to Compare Home Loan Rates Effectively,how-to-compare-home-loan-rates-effectively.html,Darin Hindmarsh,how-to-compare-home-loan-rates-effectively,How-to-Compare-Home-Loan-Rates-Effectively-Intellichoice-Finance.jpg,How to Compare Home Loan Rates Effectively Intellichoice Finance,,101
7369,Bad Credit Car Financing FAQs: Answers to Your Common Bad Credit Car Loan Questions,bad-credit-car-financing-faqs-answers-to-your-common-bad-credit-car-loan-questions.html,Darin Hindmarsh,bad-credit-car-financing-faqs-answers-to-your-common-bad-credit-car-loan-questions,Bad-Credit-Car-Financing-FAQs-Answers-to-Your-Common-Bad-Credit-Car-Loan-Questions-Intellichoice-Finance.jpeg,Bad Credit Car Financing FAQs Answers to Your Common Bad Credit Car Loan Questions Intellichoice Finance,,"1,3"
7380,My Bad Credit Car Loan Was Rejected: What’s My Next Step?,my-bad-credit-car-loan-was-rejected-whats-my-next-step.html,Darin Hindmarsh,my-bad-credit-car-loan-was-rejected-whats-my-next-step,My-Bad-Credit-Car-Loan-Was-Rejected-What’s-My-Next-Step-Intellichoice-Finance.png,My Bad Credit Car Loan Was Rejected What’s My Next Step Intellichoice Finance,,"1,3"
7407,What is Lenders Mortgage Insurance?,what-is-lenders-mortgage-insurance.html,Darin Hindmarsh,what-is-lenders-mortgage-insurance,What-is-Lenders-Mortgage-Insurance-Intellichoice-Finance-Home-Loans.jpg,What is Lenders Mortgage Insurance Intellichoice Finance Home Loans,,"1,011,328"
7593,Construction Loans Explained: How Do They Work?,construction-loans-explained-how-do-they-work.html,Darin Hindmarsh,construction-loans-explained-how-do-they-work,Construction-Loans-Explained-How-Do-They-Work-Intellichoice-Finance.jpg,Construction Loans Explained How Do They Work Intellichoice Finance,,99
7676,Steps in Applying for Investment Property Loans,steps-in-applying-for-investment-property-loans.html,Darin Hindmarsh,steps-in-applying-for-investment-property-loans,Steps-in-Applying-for-Investment-Property-Loans-Intellichoice-Finance.jpg,Steps in Applying for Investment Property Loans Intellichoice Finance,,101
7769,The Construction Route for Your Home: Is Your Builder Legit?,the-construction-route-for-your-home-is-your-builder-legit.html,Darin Hindmarsh,the-construction-route-for-your-home-is-your-builder-legit,The-Construction-Route-for-Your-Home-Is-Your-Builder-Legit-Intellichoice-Finance.jpeg,The Construction Route for Your Home Is Your Builder Legit Intellichoice Finance,,99
7778,Car Loan Refinance: Loans for People with Bad Credit,car-loan-refinance-loans-for-people-with-bad-credit.html,Darin Hindmarsh,car-loan-refinance-loans-for-people-with-bad-credit,Car-Loan-Refinance-Loans-for-People-with-Bad-Credit-Intellichoice-Finance.jpg,Car Loan Refinance Loans for People with Bad Credit Intellichoice Finance,,3
7784,Why You Need A Compound Interest Calculator,why-you-need-a-compound-interest-calculator.html,Darin Hindmarsh,why-you-need-a-compound-interest-calculator,Compound-Interest-Formula-Intellichoice-Finance.jpg,Compound Interest Formula Intellichoice Finance,,1
7784,Why You Need A Compound Interest Calculator,why-you-need-a-compound-interest-calculator.html,Darin Hindmarsh,why-you-need-a-compound-interest-calculator,Why-You-Need-A-Compound-Interest-Calculator-Intellichoice-Finance.jpg,Why You Need A Compound Interest Calculator Intellichoice Finance,,1
7790,Comprehensive Credit Reporting and Its Effect on Your Personal Finances,comprehensive-credit-reporting-and-its-effect-on-your-personal-finances.html,Darin Hindmarsh,comprehensive-credit-reporting-and-its-effect-on-your-personal-finances,Comprehensive-Credit-Reporting-and-Its-Effect-on-Your-Personal-Finances-Intellichoice-Finance.jpeg,Comprehensive Credit Reporting and Its Effect on Your Personal Finances Intellichoice Finance,,1
5456,Intellichoice Provides Examples of the Most Commonly Asked Questions Regarding Funds from an Owner builder Loan,owner-builder-loan.html,Darin Hindmarsh,owner-builder-loan,hqdefault.jpg,hqdefault,,"17,65"
5452,Darin from Intellichoice talks of the process for Owner-Builder Loans-and why a specialist is needed,darin-from-intellichoice-talks-of-the-process-for-owner-builder-loans-and-why-a-specialist-is-needed.html,Darin Hindmarsh,darin-from-intellichoice-talks-of-the-process-for-owner-builder-loans-and-why-a-specialist-is-needed,darin-youtube.jpg,darin-youtube,,"17,65"
5467,Intellichoice vs The Banks: Too Hard Basket’ Owner Builder Loans Clients,why-our-ceo-was-always-so-interested-in-helping-what-most-lenders-consider-too-hard-basket-owner-builder-clients.html,Darin Hindmarsh,why-our-ceo-was-always-so-interested-in-helping-what-most-lenders-consider-too-hard-basket-owner-builder-clients,Owner-Builder-The-Explainer.jpg,Owner Builder - The Explainer,,"17,65"
7831,Understanding the Difference Between Leasing Finance and Operating Finance,understanding-the-difference-between-leasing-finance-and-operating-finance.html,Darin Hindmarsh,understanding-the-difference-between-leasing-finance-and-operating-finance,Understanding-the-Difference-Between-Leasing-Finance-and-Operating-Finance-Intellichoice-Finance.jpg,Understanding the Difference Between Leasing Finance and Operating Finance Intellichoice Finance,,63
7866,Getting a Home Loan: How Long Does it Takes?,getting-a-home-loan-how-long-does-it-takes.html,Darin Hindmarsh,getting-a-home-loan-how-long-does-it-takes,Getting-a-Home-Loan-How-Long-Does-it-Takes-Intellichoice-Finance.png,Getting a Home Loan How Long Does it Takes Intellichoice Finance,,101
8099,Home Loan Repayment Calculator: What's the Actual Cost of Your Mortgage?,home-loan-repayment-calculator-whats-the-actual-cost-of-your-mortgage.html,Darin Hindmarsh,home-loan-repayment-calculator-whats-the-actual-cost-of-your-mortgage,loan-repayment-calculator-Intellichoice-Financial-Services.jpg,loan repayment calculator Intellichoice Financial Services,,101
8099,Home Loan Repayment Calculator: What's the Actual Cost of Your Mortgage?,home-loan-repayment-calculator-whats-the-actual-cost-of-your-mortgage.html,Darin Hindmarsh,home-loan-repayment-calculator-whats-the-actual-cost-of-your-mortgage,Home-Loan-Repayment-Calculator-Whats-the-Actual-Cost-of-Your-Mortgage-Intellichoice-Finance.jpg,Home Loan Repayment Calculator What's the Actual Cost of Your Mortgage Intellichoice Finance,,101
8125,Bad Credit Car Loans from Private Sellers: How Do They Work?,bad-credit-car-loans-from-private-sellers-how-do-they-work.html,Darin Hindmarsh,bad-credit-car-loans-from-private-sellers-how-do-they-work,Bad-Credit-Car-Loans-from-Private-Sellers-How-Do-They-Work-Intellichoice-Finance.jpg,Bad Credit Car Loans from Private Sellers How Do They Work Intellichoice Finance,,3
8121,Real Estate Investing: Steps to Make it a Success,real-estate-investing-steps-to-make-it-a-success.html,Darin Hindmarsh,real-estate-investing-steps-to-make-it-a-success,Real-Estate-Investing-Steps-to-Make-it-a-Success-Intellichoice-Finance.jpeg,Real Estate Investing Steps to Make it a Success Intellichoice Finance,,101
8155,How to Finance a Car Loan With Bad Credit,how-to-finance-a-car-loan-with-bad-credit.html,Darin Hindmarsh,how-to-finance-a-car-loan-with-bad-credit,How-to-Finance-a-Car-Loan-With-Bad-Credit-Intellichoice-Finance.jpeg,How to Finance a Car Loan With Bad Credit Intellichoice Finance,,3
7162,Top 11 Tips to Follow for Bad Credit Car Loans Guaranteed Approval,top-11-tips-to-follow-for-bad-credit-car-loans-guaranteed-approval.html,Darin Hindmarsh,top-11-tips-to-follow-for-bad-credit-car-loans-guaranteed-approval,Bad-Credit-Car-Loans-Guaranteed-Approval-11-Tips-to-Follow-Intellichoice-Finance.png,Bad Credit Car Loans Guaranteed Approval 11 Tips to Follow Intellichoice Finance,"131,113,241,325",3
8167,Home Loan Options for People with Bad Credit,home-loan-options-for-people-with-bad-credit.html,Darin Hindmarsh,home-loan-options-for-people-with-bad-credit,Home-Loan-Options-for-People-with-Bad-Credit-Intellichoice-Finance.jpg,Home Loan Options for People with Bad Credit Intellichoice Finance,,4
8246,Ultimate Guide to Owner Builder Home Loans,ultimate-guide-to-owner-builder-home-loans.html,Darin Hindmarsh,ultimate-guide-to-owner-builder-home-loans,Ultimate-Guide-to-Owner-Builder-Home-Loans-Intellichoice-Finance.jpg,Ultimate Guide to Owner Builder Home Loans Intellichoice Finance,,13
8250,Can You Buy a House with Bad Credit before Christmas 2018?,can-you-buy-a-house-with-bad-credit-before-christmas-2018.html,Darin Hindmarsh,can-you-buy-a-house-with-bad-credit-before-christmas-2018,Can-You-Buy-a-House-with-Bad-Credit-before-Christmas-2018-Intellichoice-Finance.jpg,Can You Buy a House with Bad Credit before Christmas 2018 Intellichoice Finance,,4
8253,Why Do You Need to Get a Bad Credit Home Loan Broker?,why-do-you-need-to-get-a-bad-credit-home-loan-broker.html,Darin Hindmarsh,why-do-you-need-to-get-a-bad-credit-home-loan-broker,Why-Do-You-Need-to-Get-a-Bad-Credit-Home-Loan-Broker-Intellichoice-Finance.jpg,Why Do You Need to Get a Bad Credit Home Loan Broker Intellichoice Finance,,4
8258,95 Home Loans: A 5% Deposit Mortgage,95-home-loans-a-5-deposit-mortgage.html,Darin Hindmarsh,95-home-loans-a-5-deposit-mortgage,95-Home-Loans-A-5-Deposit-Mortgage-Intelllichoice-Finance.jpeg,95 Home Loans A 5% Deposit Mortgage Intelllichoice Finance,,1328
8268,Car Loans with Bad Credit Refinance: When Is the Right Time,car-loans-with-bad-credit-refinance-when-is-the-right-time.html,Darin Hindmarsh,car-loans-with-bad-credit-refinance-when-is-the-right-time,Car-Loans-with-Bad-Credit-Refinance-When-Is-the-Right-Time-Intellichoice-Finance.jpg,Car Loans with Bad Credit Refinance When Is the Right Time Intellichoice Finance,,3
8279,Car Loan With Bad Credit: How Fast Can You Get a Loan Approved,car-loan-with-bad-credit-how-fast-can-you-get-a-loan-approved.html,Darin Hindmarsh,car-loan-with-bad-credit-how-fast-can-you-get-a-loan-approved,Car-Loan-With-Bad-Credit-How-Fast-Can-You-Get-a-Loan-Approved-Intellichoice-Finance.jpg,Car Loan With Bad Credit How Fast Can You Get a Loan Approved Intellichoice Finance,,3
8279,Car Loan With Bad Credit: How Fast Can You Get a Loan Approved,car-loan-with-bad-credit-how-fast-can-you-get-a-loan-approved.html,Darin Hindmarsh,car-loan-with-bad-credit-how-fast-can-you-get-a-loan-approved,Car-Loan-With-Bad-Credit-How-Fast-Can-You-Get-a-Loan-Approved-Intellichoice-Finance-1.jpg,Car Loan With Bad Credit How Fast Can You Get a Loan Approved Intellichoice Finance,,3
8287,How to Get an Unsecured Business Loan in Australia,how-to-get-an-unsecured-business-loan-in-australia.html,Darin Hindmarsh,how-to-get-an-unsecured-business-loan-in-australia,How-to-Get-an-Unsecured-Business-Loan-in-Australia-Intellichoice-Finance.jpeg,How to Get an Unsecured Business Loan in Australia Intellichoice Finance,,63
8290,Why Do You Need to Hire a Bad Credit Home Loan Broker?,why-do-you-need-to-hire-a-bad-credit-home-loan-broker.html,Darin Hindmarsh,why-do-you-need-to-hire-a-bad-credit-home-loan-broker,Why-Do-You-Need-to-Hire-a-Bad-Credit-Home-Loan-Broker-Intellichoice-Finance.jpeg,Why Do You Need to Hire a Bad Credit Home Loan Broker Intellichoice Finance,,4
8293,How to Use a Bad Credit Home Loan Calculator,how-to-use-a-bad-credit-home-loan-calculator.html,Darin Hindmarsh,how-to-use-a-bad-credit-home-loan-calculator,How-to-Use-a-Bad-Credit-Home-Loan-Calculator-Intellichoice-Finance.jpg,How to Use a Bad Credit Home Loan Calculator Intellichoice Finance,,4
8306,Funding and Loans for Your Business: Which One is For You?,funding-and-loans-for-your-business-which-one-is-for-you.html,Darin Hindmarsh,funding-and-loans-for-your-business-which-one-is-for-you,Funding-and-Loans-for-Your-Business-Which-One-is-For-You-Intellichoice-Finance.jpg,Funding and Loans for Your Business Which One is For You Intellichoice Finance,,63
8321,My Bad Credit Home Loan is Rejected: What Do  I Do Next?,my-bad-credit-home-loan-is-rejected-what-do-i-do-next.html,Darin Hindmarsh,my-bad-credit-home-loan-is-rejected-what-do-i-do-next,My-Bad-Credit-Home-Loan-is-Rejected-What-Do-I-Do-Next-Intellichoice-Finance.jpg,My Bad Credit Home Loan is Rejected What Do I Do Next Intellichoice Finance,,101
8333,Buying a Car With Bad Credit and No Money Down,buying-a-car-with-bad-credit-and-no-money-down.html,Darin Hindmarsh,buying-a-car-with-bad-credit-and-no-money-down,Buying-a-Car-With-Bad-Credit-and-No-Money-Down-Intellichoice-Finance.jpg,Buying a Car With Bad Credit and No Money Down Intellichoice Finance,,3
8341,How to Get a Competitive Rate for Your Car Loan Application,how-to-get-a-competitive-rate-for-your-car-loan-application.html,Darin Hindmarsh,how-to-get-a-competitive-rate-for-your-car-loan-application,How-to-Get-a-Competitive-Rate-for-Your-Car-Loan-Application-Intellichoice-Finance.jpeg,How to Get a Competitive Rate for Your Car Loan Application Intellichoice Finance,,3
8367,Cheap Car Loans: How Affordable Are They?,cheap-car-loans-how-affordable-are-they.html,Darin Hindmarsh,cheap-car-loans-how-affordable-are-they,Cheap-Car-Loans-How-Affordable-Are-They-Intellichoice-Finance.jpg,Cheap Car Loans How Affordable Are They Intellichoice Finance,,3
8381,When is the Right Time to Apply for a Home Loan?,when-is-the-right-time-to-apply-for-a-home-loan.html,Darin Hindmarsh,when-is-the-right-time-to-apply-for-a-home-loan,When-is-the-Right-Time-to-Apply-for-a-Home-Loan-Intellichoice-Finance.jpg,When is the Right Time to Apply for a Home Loan Intellichoice Finance,1320,4
8387,Are Personal Loans Good or Bad Debt?,are-personal-loans-good-or-bad-debt.html,Darin Hindmarsh,are-personal-loans-good-or-bad-debt,Are-Personal-Loans-Good-or-Bad-Debt-Intellichoice-Finance.jpg,Are Personal Loans Good or Bad Debt Intellichoice Finance,,"1,14,67"
8393,How to Become and Owner Builder in Australia,how-to-become-and-owner-builder-in-australia.html,Darin Hindmarsh,how-to-become-and-owner-builder-in-australia,How-to-Become-and-Owner-Builder-in-Australia-Intellichoice-Finance.jpg,How to Become and Owner Builder in Australia Intellichoice Finance,30,13
8396,What Is Needed to Apply for A Business Loan,what-is-needed-to-apply-for-a-business-loan.html,Darin Hindmarsh,what-is-needed-to-apply-for-a-business-loan,What-Is-Needed-to-Apply-for-A-Business-Loan-Intellichoice-Finance.jpg,What Is Needed to Apply for A Business Loan Intellichoice Finance,19,63
8401,Get Car Financing with A Low Credit Score in 2018,how-to-get-car-financing-with-a-low-credit-score-in-2018.html,Darin Hindmarsh,how-to-get-car-financing-with-a-low-credit-score-in-2018,How-to-Get-Car-Financing-with-A-Low-Credit-Score-in-2018.jpeg,How to Get Car Financing with A Low Credit Score in 2018,,3
8406,5 Steps in Repairing Bad Credit for Guaranteed Bad Credit Car Loans Approval,5-steps-in-repairing-bad-credit-for-guaranteed-bad-credit-car-loans-approval.html,Darin Hindmarsh,5-steps-in-repairing-bad-credit-for-guaranteed-bad-credit-car-loans-approval,5-Steps-in-Repairing-Bad-Credit-for-Guaranteed-Bad-Credit-Car-Loans-Approval-Intellichoice-Finance.png,5 Steps in Repairing Bad Credit for Guaranteed Bad Credit Car Loans Approval Intellichoice Finance,,"1,3,14"
8415,No Doc Home Loans Australia: How to Apply and Qualify,no-doc-home-loans-australia-how-to-apply-and-qualify.html,Darin Hindmarsh,no-doc-home-loans-australia-how-to-apply-and-qualify,No-Doc-Home-Loans-Australia-How-to-Apply-and-Qualify-Intellichoice-Finance.xls,No Doc Home Loans Australia How to Apply and Qualify Intellichoice Finance,,101
8415,No Doc Home Loans Australia: How to Apply and Qualify,no-doc-home-loans-australia-how-to-apply-and-qualify.html,Darin Hindmarsh,no-doc-home-loans-australia-how-to-apply-and-qualify,No-Doc-Home-Loans-Australia-How-to-Apply-and-Qualify-Intellichoice-Finance-Intellichoice-Finance.jpg,No Doc Home Loans Australia How to Apply and Qualify Intellichoice Finance Intellichoice Finance,,101
8419,How Easy Is It to Access A Car Loan in Australia?,how-easy-is-it-to-access-a-car-loan-in-australia.html,Darin Hindmarsh,how-easy-is-it-to-access-a-car-loan-in-australia,Car-Loan-With-Bad-Credit-How-Fast-Can-You-Get-a-Loan-Approved-Intellichoice-Finance.jpg,Car Loan With Bad Credit How Fast Can You Get a Loan Approved Intellichoice Finance,1311,3
8419,How Easy Is It to Access A Car Loan in Australia?,how-easy-is-it-to-access-a-car-loan-in-australia.html,Darin Hindmarsh,how-easy-is-it-to-access-a-car-loan-in-australia,Car-Loan-With-Bad-Credit-How-Fast-Can-You-Get-a-Loan-Approved-Intellichoice-Finance-1.jpg,Car Loan With Bad Credit How Fast Can You Get a Loan Approved Intellichoice Finance,1311,3
8424,Perfect Timing: Apply for a Car Refinance with Bad Credit?,how-soon-can-you-apply-for-a-car-refinance-with-bad-credit.html,Darin Hindmarsh,how-soon-can-you-apply-for-a-car-refinance-with-bad-credit,How-Soon-Can-You-Apply-for-a-Car-Refinance-with-Bad-Credit-Intellichoice-Finance.jpeg,How Soon Can You Apply for a Car Refinance with Bad Credit Intellichoice Finance,,3
8427,Requirements for Owner Builder Home Loans 2018,requirements-for-owner-builder-home-loans-2018.html,Darin Hindmarsh,requirements-for-owner-builder-home-loans-2018,Requirements-for-Owner-Builder-Home-Loans-2018-Intellichoice-Finance.jpeg,Requirements for Owner Builder Home Loans 2018 Intellichoice Finance,,"13,98"
8430,Australian Expat Home Loans: Getting a Home Loan When Living Overseas,australian-expat-home-loans-getting-a-home-loan-when-living-overseas.html,Darin Hindmarsh,australian-expat-home-loans-getting-a-home-loan-when-living-overseas,Australian-Expat-Home-Loans-Getting-a-Home-Loan-When-Living-Overseas-Intellichoice-Finance.jpeg,Australian Expat Home Loans Getting a Home Loan When Living Overseas Intellichoice Finance,,6
8435,Second Chance Finance Personal Car Loans,second-chance-finance-personal-car-loans.html,Darin Hindmarsh,second-chance-finance-personal-car-loans,Second-Chance-Finance-Personal-Car-Loans-Intellichoice-Finance.jpeg,Second Chance Finance Personal Car Loans Intellichoice Finance,,3
8443,Your Ultimate Guide to Construction Loans Australia 2018,your-ultimate-guide-to-construction-loans-australia-2018.html,Darin Hindmarsh,your-ultimate-guide-to-construction-loans-australia-2018,Your-Ultimate-Guide-to-Construction-Loans-Australia-2018-Intellichoice-Finance.jpg,Your Ultimate Guide to Construction Loans Australia 2018 Intellichoice Finance,1401,99
8448,How Owner Builders Can Secure A Mortgage Loan,how-owner-builders-can-secure-a-mortgage-loan.html,Darin Hindmarsh,how-owner-builders-can-secure-a-mortgage-loan,How-Owner-Builders-Can-Secure-A-Mortgage-Loan-Intellichoice-Finance.jpeg,How Owner Builders Can Secure A Mortgage Loan Intellichoice Finance,,13
8451,What Are The Requirements of Basic Aussie Home Loans 2018?,what-are-the-requirements-of-basic-aussie-home-loans-2018.html,Darin Hindmarsh,what-are-the-requirements-of-basic-aussie-home-loans-2018,What-Are-The-Requirements-of-Basic-Aussie-Home-Loans-Intellichoice-Finance.jpeg,What Are The Requirements of Basic Aussie Home Loans Intellichoice Finance,,101
8466,How to Avail the Cheapest Car Loans in Australia,how-to-avail-the-cheapest-car-loans-in-australia.html,Darin Hindmarsh,how-to-avail-the-cheapest-car-loans-in-australia,5-Sure-Ways-on-How-to-Avail-the-Cheapest-Car-Loans-2018-Intellichoice-Finance.jpeg,5 Sure Ways on How to Avail the Cheapest Car Loans 2018 Intellichoice Finance,,1402
8524,Car Loan vs Novated Lease: What's the Difference?,car-loan-vs-novated-lease-whats-the-difference.html,Darin Hindmarsh,car-loan-vs-novated-lease-whats-the-difference,Car-Loan-vs-Novated-Lease-What-is-the-Difference-Intellichoice-Finance.jpeg,Car Loan vs Novated Lease What is the Difference Intellichoice Finance,,1402
8529,Car Loans with Bad Credit: Are You Qualified?,car-loans-with-bad-credit-are-you-qualified.html,Darin Hindmarsh,car-loans-with-bad-credit-are-you-qualified,Car-Loans-with-Bad-Credit-Are-You-Qualified-Intellichoice-Finance.jpeg,Car Loans with Bad Credit Are You Qualified Intellichoice Finance,,"31,402"
8535,Better Car Financing Regulation Favors Australian Buyers,better-car-financing-regulation-favors-australian-buyers.html,Darin Hindmarsh,better-car-financing-regulation-favors-australian-buyers,Better-Car-Financing-Regulation-Favors-Australian-Buyers-Intellichoice-Finance.jpeg,Better Car Financing Regulation Favors Australian Buyers Intellichoice Finance,,1402
8543,Can You Have Multiple Personal Loans at the Same Time?,can-you-have-multiple-personal-loans-at-the-same-time.html,Darin Hindmarsh,can-you-have-multiple-personal-loans-at-the-same-time,Can-You-Have-Multiple-Personal-Loans-at-the-Same-Time-Intellichoice-Finance.jpeg,Can You Have Multiple Personal Loans at the Same Time Intellichoice Finance,,"14,67"
8548,How to Secure the Cheapest Car Loans in Australia,how-to-secure-the-cheapest-car-loans-in-australia.html,Darin Hindmarsh,how-to-secure-the-cheapest-car-loans-in-australia,How-to-Secure-the-Cheapest-Car-Loans-in-Australia-Intellichoice-Finance.jpeg,How to Secure the Cheapest Car Loans in Australia Intellichoice Finance,,1402
8554,Business Financing: Which One Is Best for You?,business-financing-which-one-is-best-for-you.html,Darin Hindmarsh,business-financing-which-one-is-best-for-you,Business-Financing-Which-One-Is-Best-for-You-in-2018-Intellichoice-Finance.jpeg,Business Financing Which One Is Best for You in 2018 Intellichoice Finance,,63
8560,Discounts on Home Loan Rates: How to Avail,discounts-on-home-loan-rates-how-to-avail.html,Darin Hindmarsh,discounts-on-home-loan-rates-how-to-avail,Discounts-on-Home-Loan-Rates-2018-How-to-Avail-Australia-Intellichoice-Finance.jpeg,Discounts on Home Loan Rates 2018 How to Avail Australia Intellichoice Finance,,101
8563,Personal Loans Australia: Borrowing Options You Can Avail,personal-loans-australia-borrowing-options-you-can-avail.html,Darin Hindmarsh,personal-loans-australia-borrowing-options-you-can-avail,Personal-Loans-Australia-Borrowing-Options-You-Can-Avail-Intellichoice-Finance.jpeg,Personal Loans Australia Borrowing Options You Can Avail Intellichoice Finance,,"14,67"
8567,Why Do I Need a Mortgage Broker to Get A Home Loan?,why-do-i-need-a-mortgage-broker-to-get-a-home-loan.html,Darin Hindmarsh,why-do-i-need-a-mortgage-broker-to-get-a-home-loan,Why-Do-I-Need-a-Mortgage-Broker-to-Get-A-Home-Loan-Intellichoice-Finance.jpeg,Why Do I Need a Mortgage Broker to Get A Home Loan Intellichoice Finance,,"68,101"
8570,90% Home Loan Lenders: Applying for Mortgage in Australia,90-home-loan-lenders-applying-for-mortgage-in-australia.html,Darin Hindmarsh,90-home-loan-lenders-applying-for-mortgage-in-australia,90-Home-Loan-Lenders-Applying-for-Mortgage-in-Australia-Intellichoice-Finance.jpeg,90% Home Loan Lenders Applying for Mortgage in Australia Intellichoice Finance,,101
8680,How to Use Equity in Buying Investment Property,how-to-use-equity-in-buying-investment-property.html,Darin Hindmarsh,how-to-use-equity-in-buying-investment-property,How-to-Use-Equity-in-Buying-Investment-Property-in-2019-Intellichoice-Finance.jpg,How to Use Equity in Buying Investment Property in 2019 Intellichoice Finance,,101
8686,How to Build Your Own House Through a Mortgage,how-to-build-your-own-house-through-a-mortgage.html,Darin Hindmarsh,how-to-build-your-own-house-through-a-mortgage,How-to-Build-Your-Own-House-Through-a-Mortgage-Intellichoice-Finance.jpg,How to Build Your Own House Through a Mortgage Intellichoice Finance,,"13,99,101"
8691,Home Equity Loan and Investing: How Do They Work,home-equity-loan-and-investing-how-do-they-work.html,Darin Hindmarsh,home-equity-loan-and-investing-how-do-they-work,Home-Equity-Loan-and-Investing-How-Do-They-Work-Intellichoice-Finance.jpeg,Home Equity Loan and Investing How Do They Work Intellichoice Finance,,101
8695,How to Make Your Home Construction a Success,how-to-make-your-home-construction-a-success.html,Darin Hindmarsh,how-to-make-your-home-construction-a-success,How-to-Make-Your-Home-Construction-A-Success-Intellichoice-Finance.jpeg,How to Make Your Home Construction A Success Intellichoice Finance,,"99,101"
8703,How Do Land and Construction Loans Works,how-do-land-and-construction-loans-works.html,Darin Hindmarsh,how-do-land-and-construction-loans-works,How-Do-Land-and-Construction-Loans-Works-Intellichoice-Finance.jpg,How Do Land and Construction Loans Works Intellichoice Finance,,"99,101"
